run_id,run_dir,input_source,n_total,n_train,n_val,n_test,split,model,accuracy,macro_f1,weighted_f1
20260529_145127,outputs/dual_dataset_compare/20260529_145104/runs/ai/run_20260529_145127,outputs/dual_dataset_compare/20260529_145104/splits/ai,427,298,64,65,test,heuristic,1.0,1.0,1.0
20260529_145127,outputs/dual_dataset_compare/20260529_145104/runs/ai/run_20260529_145127,outputs/dual_dataset_compare/20260529_145104/splits/ai,427,298,64,65,test,tfidf_linear_svc_c4.0,0.4153846153846154,0.4147474747474747,0.41183216783216786
20260529_145127,outputs/dual_dataset_compare/20260529_145104/runs/ai/run_20260529_145127,outputs/dual_dataset_compare/20260529_145104/splits/ai,427,298,64,65,validation,heuristic,1.0,1.0,1.0
20260529_145127,outputs/dual_dataset_compare/20260529_145104/runs/ai/run_20260529_145127,outputs/dual_dataset_compare/20260529_145104/splits/ai,427,298,64,65,validation,selected_non_heuristic,0.453125,0.4608752102991735,0.44836198088106216
20260529_145127,outputs/dual_dataset_compare/20260529_145104/runs/ai/run_20260529_145127,outputs/dual_dataset_compare/20260529_145104/splits/ai,427,298,64,65,validation,tfidf_linear_svc_c0.25,0.40625,0.41085098476402826,0.38905727424749165
20260529_145127,outputs/dual_dataset_compare/20260529_145104/runs/ai/run_20260529_145127,outputs/dual_dataset_compare/20260529_145104/splits/ai,427,298,64,65,validation,tfidf_linear_svc_c1.0,0.4375,0.4467028746982664,0.4300398082620145
20260529_145127,outputs/dual_dataset_compare/20260529_145104/runs/ai/run_20260529_145127,outputs/dual_dataset_compare/20260529_145104/splits/ai,427,298,64,65,validation,tfidf_linear_svc_c4.0,0.453125,0.4608752102991735,0.44836198088106216
20260529_145127,outputs/dual_dataset_compare/20260529_145104/runs/ai/run_20260529_145127,outputs/dual_dataset_compare/20260529_145104/splits/ai,427,298,64,65,validation,tfidf_logreg_c0.25,0.390625,0.3962536415366604,0.3515605856407743
20260529_145127,outputs/dual_dataset_compare/20260529_145104/runs/ai/run_20260529_145127,outputs/dual_dataset_compare/20260529_145104/splits/ai,427,298,64,65,validation,tfidf_logreg_c1.0,0.390625,0.3953878406708595,0.36880896226415094
20260529_145127,outputs/dual_dataset_compare/20260529_145104/runs/ai/run_20260529_145127,outputs/dual_dataset_compare/20260529_145104/splits/ai,427,298,64,65,validation,tfidf_logreg_c4.0,0.4375,0.44278228532792424,0.42863368407707914
20260529_145132,outputs/dual_dataset_compare/20260529_145104/runs/manual/run_20260529_145132,outputs/dual_dataset_compare/20260529_145104/splits/manual,427,298,64,65,test,heuristic,0.4307692307692308,0.35324074074074074,0.5057051282051283
20260529_145132,outputs/dual_dataset_compare/20260529_145104/runs/manual/run_20260529_145132,outputs/dual_dataset_compare/20260529_145104/splits/manual,427,298,64,65,test,tfidf_linear_svc_c1.0,0.7538461538461538,0.6926713947990544,0.728532460447354
20260529_145132,outputs/dual_dataset_compare/20260529_145104/runs/manual/run_20260529_145132,outputs/dual_dataset_compare/20260529_145104/splits/manual,427,298,64,65,validation,heuristic,0.53125,0.4201307189542483,0.6233455882352941
20260529_145132,outputs/dual_dataset_compare/20260529_145104/runs/manual/run_20260529_145132,outputs/dual_dataset_compare/20260529_145104/splits/manual,427,298,64,65,validation,selected_non_heuristic,0.796875,0.734609250398724,0.7868321371610846
20260529_145132,outputs/dual_dataset_compare/20260529_145104/runs/manual/run_20260529_145132,outputs/dual_dataset_compare/20260529_145104/splits/manual,427,298,64,65,validation,tfidf_linear_svc_c0.25,0.78125,0.6952380952380952,0.7610119047619048
20260529_145132,outputs/dual_dataset_compare/20260529_145104/runs/manual/run_20260529_145132,outputs/dual_dataset_compare/20260529_145104/splits/manual,427,298,64,65,validation,tfidf_linear_svc_c1.0,0.796875,0.734609250398724,0.7868321371610846
20260529_145132,outputs/dual_dataset_compare/20260529_145104/runs/manual/run_20260529_145132,outputs/dual_dataset_compare/20260529_145104/splits/manual,427,298,64,65,validation,tfidf_linear_svc_c4.0,0.796875,0.734609250398724,0.7868321371610846
20260529_145132,outputs/dual_dataset_compare/20260529_145104/runs/manual/run_20260529_145132,outputs/dual_dataset_compare/20260529_145104/splits/manual,427,298,64,65,validation,tfidf_logreg_c0.25,0.734375,0.481844145246838,0.7598110465116278
20260529_145132,outputs/dual_dataset_compare/20260529_145104/runs/manual/run_20260529_145132,outputs/dual_dataset_compare/20260529_145104/splits/manual,427,298,64,65,validation,tfidf_logreg_c1.0,0.75,0.4688644688644688,0.7568681318681318
20260529_145132,outputs/dual_dataset_compare/20260529_145104/runs/manual/run_20260529_145132,outputs/dual_dataset_compare/20260529_145104/splits/manual,427,298,64,65,validation,tfidf_logreg_c4.0,0.765625,0.7050691244239631,0.759360599078341
20260529_145706,outputs/stability_5x/20260529_145642/seed_41/20260529_145643/runs/ai/run_20260529_145706,outputs/stability_5x/20260529_145642/seed_41/20260529_145643/splits/ai,427,298,64,65,test,heuristic,1.0,1.0,1.0
20260529_145706,outputs/stability_5x/20260529_145642/seed_41/20260529_145643/runs/ai/run_20260529_145706,outputs/stability_5x/20260529_145642/seed_41/20260529_145643/splits/ai,427,298,64,65,test,tfidf_logreg_c1.0,0.49230769230769234,0.493141499023852,0.4814988932635992
20260529_145706,outputs/stability_5x/20260529_145642/seed_41/20260529_145643/runs/ai/run_20260529_145706,outputs/stability_5x/20260529_145642/seed_41/20260529_145643/splits/ai,427,298,64,65,validation,heuristic,1.0,1.0,1.0
20260529_145706,outputs/stability_5x/20260529_145642/seed_41/20260529_145643/runs/ai/run_20260529_145706,outputs/stability_5x/20260529_145642/seed_41/20260529_145643/splits/ai,427,298,64,65,validation,selected_non_heuristic,0.625,0.6049683157734006,0.6075999198350893
20260529_145706,outputs/stability_5x/20260529_145642/seed_41/20260529_145643/runs/ai/run_20260529_145706,outputs/stability_5x/20260529_145642/seed_41/20260529_145643/splits/ai,427,298,64,65,validation,tfidf_linear_svc_c0.25,0.59375,0.5706563706563706,0.5704029922779923
20260529_145706,outputs/stability_5x/20260529_145642/seed_41/20260529_145643/runs/ai/run_20260529_145706,outputs/stability_5x/20260529_145642/seed_41/20260529_145643/splits/ai,427,298,64,65,validation,tfidf_linear_svc_c1.0,0.5625,0.5389937106918239,0.5389150943396226
20260529_145706,outputs/stability_5x/20260529_145642/seed_41/20260529_145643/runs/ai/run_20260529_145706,outputs/stability_5x/20260529_145642/seed_41/20260529_145643/splits/ai,427,298,64,65,validation,tfidf_linear_svc_c4.0,0.5625,0.5405972687177852,0.5416305495775546
20260529_145706,outputs/stability_5x/20260529_145642/seed_41/20260529_145643/runs/ai/run_20260529_145706,outputs/stability_5x/20260529_145642/seed_41/20260529_145643/splits/ai,427,298,64,65,validation,tfidf_logreg_c0.25,0.59375,0.5390372951348561,0.5629839334107627
20260529_145706,outputs/stability_5x/20260529_145642/seed_41/20260529_145643/runs/ai/run_20260529_145706,outputs/stability_5x/20260529_145642/seed_41/20260529_145643/splits/ai,427,298,64,65,validation,tfidf_logreg_c1.0,0.625,0.6049683157734006,0.6075999198350893
20260529_145706,outputs/stability_5x/20260529_145642/seed_41/20260529_145643/runs/ai/run_20260529_145706,outputs/stability_5x/20260529_145642/seed_41/20260529_145643/splits/ai,427,298,64,65,validation,tfidf_logreg_c4.0,0.578125,0.5529657477025899,0.5557644110275689
20260529_145711,outputs/stability_5x/20260529_145642/seed_41/20260529_145643/runs/manual/run_20260529_145711,outputs/stability_5x/20260529_145642/seed_41/20260529_145643/splits/manual,427,298,64,65,test,heuristic,0.4461538461538462,0.36349206349206353,0.4965567765567766
20260529_145711,outputs/stability_5x/20260529_145642/seed_41/20260529_145643/runs/manual/run_20260529_145711,outputs/stability_5x/20260529_145642/seed_41/20260529_145643/splits/manual,427,298,64,65,test,tfidf_logreg_c1.0,0.7692307692307693,0.48909370199692775,0.7482453030840127
20260529_145711,outputs/stability_5x/20260529_145642/seed_41/20260529_145643/runs/manual/run_20260529_145711,outputs/stability_5x/20260529_145642/seed_41/20260529_145643/splits/manual,427,298,64,65,validation,heuristic,0.46875,0.39325018341892887,0.5348495964783566
20260529_145711,outputs/stability_5x/20260529_145642/seed_41/20260529_145643/runs/manual/run_20260529_145711,outputs/stability_5x/20260529_145642/seed_41/20260529_145643/splits/manual,427,298,64,65,validation,selected_non_heuristic,0.71875,0.625,0.6835937500000001
20260529_145711,outputs/stability_5x/20260529_145642/seed_41/20260529_145643/runs/manual/run_20260529_145711,outputs/stability_5x/20260529_145642/seed_41/20260529_145643/splits/manual,427,298,64,65,validation,tfidf_linear_svc_c0.25,0.6875,0.5428571428571428,0.6232142857142856
20260529_145711,outputs/stability_5x/20260529_145642/seed_41/20260529_145643/runs/manual/run_20260529_145711,outputs/stability_5x/20260529_145642/seed_41/20260529_145643/splits/manual,427,298,64,65,validation,tfidf_linear_svc_c1.0,0.671875,0.5318704284221525,0.611873040752351
20260529_145711,outputs/stability_5x/20260529_145642/seed_41/20260529_145643/runs/manual/run_20260529_145711,outputs/stability_5x/20260529_145642/seed_41/20260529_145643/splits/manual,427,298,64,65,validation,tfidf_linear_svc_c4.0,0.6875,0.564625850340136,0.636904761904762
20260529_145711,outputs/stability_5x/20260529_145642/seed_41/20260529_145643/runs/manual/run_20260529_145711,outputs/stability_5x/20260529_145642/seed_41/20260529_145643/splits/manual,427,298,64,65,validation,tfidf_logreg_c0.25,0.75,0.4658385093167701,0.7385481366459627
20260529_145711,outputs/stability_5x/20260529_145642/seed_41/20260529_145643/runs/manual/run_20260529_145711,outputs/stability_5x/20260529_145642/seed_41/20260529_145643/splits/manual,427,298,64,65,validation,tfidf_logreg_c1.0,0.71875,0.625,0.6835937500000001
20260529_145711,outputs/stability_5x/20260529_145642/seed_41/20260529_145643/runs/manual/run_20260529_145711,outputs/stability_5x/20260529_145642/seed_41/20260529_145643/splits/manual,427,298,64,65,validation,tfidf_logreg_c4.0,0.6875,0.564625850340136,0.636904761904762
20260529_145717,outputs/stability_5x/20260529_145642/seed_42/20260529_145716/runs/ai/run_20260529_145717,outputs/stability_5x/20260529_145642/seed_42/20260529_145716/splits/ai,427,298,64,65,test,heuristic,1.0,1.0,1.0
20260529_145717,outputs/stability_5x/20260529_145642/seed_42/20260529_145716/runs/ai/run_20260529_145717,outputs/stability_5x/20260529_145642/seed_42/20260529_145716/splits/ai,427,298,64,65,test,tfidf_linear_svc_c4.0,0.4153846153846154,0.4147474747474747,0.41183216783216786
20260529_145717,outputs/stability_5x/20260529_145642/seed_42/20260529_145716/runs/ai/run_20260529_145717,outputs/stability_5x/20260529_145642/seed_42/20260529_145716/splits/ai,427,298,64,65,validation,heuristic,1.0,1.0,1.0
20260529_145717,outputs/stability_5x/20260529_145642/seed_42/20260529_145716/runs/ai/run_20260529_145717,outputs/stability_5x/20260529_145642/seed_42/20260529_145716/splits/ai,427,298,64,65,validation,selected_non_heuristic,0.453125,0.4608752102991735,0.44836198088106216
20260529_145717,outputs/stability_5x/20260529_145642/seed_42/20260529_145716/runs/ai/run_20260529_145717,outputs/stability_5x/20260529_145642/seed_42/20260529_145716/splits/ai,427,298,64,65,validation,tfidf_linear_svc_c0.25,0.40625,0.41085098476402826,0.38905727424749165
20260529_145717,outputs/stability_5x/20260529_145642/seed_42/20260529_145716/runs/ai/run_20260529_145717,outputs/stability_5x/20260529_145642/seed_42/20260529_145716/splits/ai,427,298,64,65,validation,tfidf_linear_svc_c1.0,0.4375,0.4467028746982664,0.4300398082620145
20260529_145717,outputs/stability_5x/20260529_145642/seed_42/20260529_145716/runs/ai/run_20260529_145717,outputs/stability_5x/20260529_145642/seed_42/20260529_145716/splits/ai,427,298,64,65,validation,tfidf_linear_svc_c4.0,0.453125,0.4608752102991735,0.44836198088106216
20260529_145717,outputs/stability_5x/20260529_145642/seed_42/20260529_145716/runs/ai/run_20260529_145717,outputs/stability_5x/20260529_145642/seed_42/20260529_145716/splits/ai,427,298,64,65,validation,tfidf_logreg_c0.25,0.390625,0.3962536415366604,0.3515605856407743
20260529_145717,outputs/stability_5x/20260529_145642/seed_42/20260529_145716/runs/ai/run_20260529_145717,outputs/stability_5x/20260529_145642/seed_42/20260529_145716/splits/ai,427,298,64,65,validation,tfidf_logreg_c1.0,0.390625,0.3953878406708595,0.36880896226415094
20260529_145717,outputs/stability_5x/20260529_145642/seed_42/20260529_145716/runs/ai/run_20260529_145717,outputs/stability_5x/20260529_145642/seed_42/20260529_145716/splits/ai,427,298,64,65,validation,tfidf_logreg_c4.0,0.4375,0.44278228532792424,0.42863368407707914
20260529_145722,outputs/stability_5x/20260529_145642/seed_42/20260529_145716/runs/manual/run_20260529_145722,outputs/stability_5x/20260529_145642/seed_42/20260529_145716/splits/manual,427,298,64,65,test,heuristic,0.4307692307692308,0.35324074074074074,0.5057051282051283
20260529_145722,outputs/stability_5x/20260529_145642/seed_42/20260529_145716/runs/manual/run_20260529_145722,outputs/stability_5x/20260529_145642/seed_42/20260529_145716/splits/manual,427,298,64,65,test,tfidf_linear_svc_c1.0,0.7538461538461538,0.6926713947990544,0.728532460447354
20260529_145722,outputs/stability_5x/20260529_145642/seed_42/20260529_145716/runs/manual/run_20260529_145722,outputs/stability_5x/20260529_145642/seed_42/20260529_145716/splits/manual,427,298,64,65,validation,heuristic,0.53125,0.4201307189542483,0.6233455882352941
20260529_145722,outputs/stability_5x/20260529_145642/seed_42/20260529_145716/runs/manual/run_20260529_145722,outputs/stability_5x/20260529_145642/seed_42/20260529_145716/splits/manual,427,298,64,65,validation,selected_non_heuristic,0.796875,0.734609250398724,0.7868321371610846
20260529_145722,outputs/stability_5x/20260529_145642/seed_42/20260529_145716/runs/manual/run_20260529_145722,outputs/stability_5x/20260529_145642/seed_42/20260529_145716/splits/manual,427,298,64,65,validation,tfidf_linear_svc_c0.25,0.78125,0.6952380952380952,0.7610119047619048
20260529_145722,outputs/stability_5x/20260529_145642/seed_42/20260529_145716/runs/manual/run_20260529_145722,outputs/stability_5x/20260529_145642/seed_42/20260529_145716/splits/manual,427,298,64,65,validation,tfidf_linear_svc_c1.0,0.796875,0.734609250398724,0.7868321371610846
20260529_145722,outputs/stability_5x/20260529_145642/seed_42/20260529_145716/runs/manual/run_20260529_145722,outputs/stability_5x/20260529_145642/seed_42/20260529_145716/splits/manual,427,298,64,65,validation,tfidf_linear_svc_c4.0,0.796875,0.734609250398724,0.7868321371610846
20260529_145722,outputs/stability_5x/20260529_145642/seed_42/20260529_145716/runs/manual/run_20260529_145722,outputs/stability_5x/20260529_145642/seed_42/20260529_145716/splits/manual,427,298,64,65,validation,tfidf_logreg_c0.25,0.734375,0.481844145246838,0.7598110465116278
20260529_145722,outputs/stability_5x/20260529_145642/seed_42/20260529_145716/runs/manual/run_20260529_145722,outputs/stability_5x/20260529_145642/seed_42/20260529_145716/splits/manual,427,298,64,65,validation,tfidf_logreg_c1.0,0.75,0.4688644688644688,0.7568681318681318
20260529_145722,outputs/stability_5x/20260529_145642/seed_42/20260529_145716/runs/manual/run_20260529_145722,outputs/stability_5x/20260529_145642/seed_42/20260529_145716/splits/manual,427,298,64,65,validation,tfidf_logreg_c4.0,0.765625,0.7050691244239631,0.759360599078341
20260529_145728,outputs/stability_5x/20260529_145642/seed_43/20260529_145727/runs/ai/run_20260529_145728,outputs/stability_5x/20260529_145642/seed_43/20260529_145727/splits/ai,427,298,64,65,test,heuristic,1.0,1.0,1.0
20260529_145728,outputs/stability_5x/20260529_145642/seed_43/20260529_145727/runs/ai/run_20260529_145728,outputs/stability_5x/20260529_145642/seed_43/20260529_145727/splits/ai,427,298,64,65,test,tfidf_logreg_c1.0,0.5076923076923077,0.49076172054895456,0.48555699619529413
20260529_145728,outputs/stability_5x/20260529_145642/seed_43/20260529_145727/runs/ai/run_20260529_145728,outputs/stability_5x/20260529_145642/seed_43/20260529_145727/splits/ai,427,298,64,65,validation,heuristic,1.0,1.0,1.0
20260529_145728,outputs/stability_5x/20260529_145642/seed_43/20260529_145727/runs/ai/run_20260529_145728,outputs/stability_5x/20260529_145642/seed_43/20260529_145727/splits/ai,427,298,64,65,validation,selected_non_heuristic,0.421875,0.4196969696969697,0.4147017045454545
20260529_145728,outputs/stability_5x/20260529_145642/seed_43/20260529_145727/runs/ai/run_20260529_145728,outputs/stability_5x/20260529_145642/seed_43/20260529_145727/splits/ai,427,298,64,65,validation,tfidf_linear_svc_c0.25,0.375,0.3653270291568163,0.35084219858156024
20260529_145728,outputs/stability_5x/20260529_145642/seed_43/20260529_145727/runs/ai/run_20260529_145728,outputs/stability_5x/20260529_145642/seed_43/20260529_145727/splits/ai,427,298,64,65,validation,tfidf_linear_svc_c1.0,0.375,0.3641534391534392,0.3488157242063492
20260529_145728,outputs/stability_5x/20260529_145642/seed_43/20260529_145727/runs/ai/run_20260529_145728,outputs/stability_5x/20260529_145642/seed_43/20260529_145727/splits/ai,427,298,64,65,validation,tfidf_linear_svc_c4.0,0.375,0.36469661150512217,0.3482565011820331
20260529_145728,outputs/stability_5x/20260529_145642/seed_43/20260529_145727/runs/ai/run_20260529_145728,outputs/stability_5x/20260529_145642/seed_43/20260529_145727/splits/ai,427,298,64,65,validation,tfidf_logreg_c0.25,0.359375,0.3438577682480122,0.3489999329938354
20260529_145728,outputs/stability_5x/20260529_145642/seed_43/20260529_145727/runs/ai/run_20260529_145728,outputs/stability_5x/20260529_145642/seed_43/20260529_145727/splits/ai,427,298,64,65,validation,tfidf_logreg_c1.0,0.421875,0.4196969696969697,0.4147017045454545
20260529_145728,outputs/stability_5x/20260529_145642/seed_43/20260529_145727/runs/ai/run_20260529_145728,outputs/stability_5x/20260529_145642/seed_43/20260529_145727/splits/ai,427,298,64,65,validation,tfidf_logreg_c4.0,0.390625,0.3853834492132364,0.3749003476397093
20260529_145733,outputs/stability_5x/20260529_145642/seed_43/20260529_145727/runs/manual/run_20260529_145733,outputs/stability_5x/20260529_145642/seed_43/20260529_145727/splits/manual,427,298,64,65,test,heuristic,0.47692307692307695,0.4006734006734007,0.5412587412587412
20260529_145733,outputs/stability_5x/20260529_145642/seed_43/20260529_145727/runs/manual/run_20260529_145733,outputs/stability_5x/20260529_145642/seed_43/20260529_145727/splits/manual,427,298,64,65,test,tfidf_logreg_c1.0,0.7538461538461538,0.47267417605340006,0.729931645325888
20260529_145733,outputs/stability_5x/20260529_145642/seed_43/20260529_145727/runs/manual/run_20260529_145733,outputs/stability_5x/20260529_145642/seed_43/20260529_145727/splits/manual,427,298,64,65,validation,heuristic,0.484375,0.43130434782608695,0.5044021739130434
20260529_145733,outputs/stability_5x/20260529_145642/seed_43/20260529_145727/runs/manual/run_20260529_145733,outputs/stability_5x/20260529_145642/seed_43/20260529_145727/splits/manual,427,298,64,65,validation,selected_non_heuristic,0.6875,0.43775593775593774,0.6530635749385749
20260529_145733,outputs/stability_5x/20260529_145642/seed_43/20260529_145727/runs/manual/run_20260529_145733,outputs/stability_5x/20260529_145642/seed_43/20260529_145727/splits/manual,427,298,64,65,validation,tfidf_linear_svc_c0.25,0.65625,0.3718869731800767,0.5816047054597702
20260529_145733,outputs/stability_5x/20260529_145642/seed_43/20260529_145727/runs/manual/run_20260529_145733,outputs/stability_5x/20260529_145642/seed_43/20260529_145727/splits/manual,427,298,64,65,validation,tfidf_linear_svc_c1.0,0.640625,0.37589605734767034,0.5816742271505377
20260529_145733,outputs/stability_5x/20260529_145642/seed_43/20260529_145727/runs/manual/run_20260529_145733,outputs/stability_5x/20260529_145642/seed_43/20260529_145727/splits/manual,427,298,64,65,validation,tfidf_linear_svc_c4.0,0.65625,0.3718869731800767,0.5816047054597702
20260529_145733,outputs/stability_5x/20260529_145642/seed_43/20260529_145727/runs/manual/run_20260529_145733,outputs/stability_5x/20260529_145642/seed_43/20260529_145727/splits/manual,427,298,64,65,validation,tfidf_logreg_c0.25,0.671875,0.42831215970961883,0.6395757713248638
20260529_145733,outputs/stability_5x/20260529_145642/seed_43/20260529_145727/runs/manual/run_20260529_145733,outputs/stability_5x/20260529_145642/seed_43/20260529_145727/splits/manual,427,298,64,65,validation,tfidf_logreg_c1.0,0.6875,0.43775593775593774,0.6530635749385749
20260529_145733,outputs/stability_5x/20260529_145642/seed_43/20260529_145727/runs/manual/run_20260529_145733,outputs/stability_5x/20260529_145642/seed_43/20260529_145727/splits/manual,427,298,64,65,validation,tfidf_logreg_c4.0,0.6875,0.43068783068783073,0.6466269841269842
20260529_145739,outputs/stability_5x/20260529_145642/seed_44/20260529_145737/runs/ai/run_20260529_145739,outputs/stability_5x/20260529_145642/seed_44/20260529_145737/splits/ai,427,298,64,65,test,heuristic,1.0,1.0,1.0
20260529_145739,outputs/stability_5x/20260529_145642/seed_44/20260529_145737/runs/ai/run_20260529_145739,outputs/stability_5x/20260529_145642/seed_44/20260529_145737/splits/ai,427,298,64,65,test,tfidf_linear_svc_c4.0,0.47692307692307695,0.45844139444978677,0.4746792910443579
20260529_145739,outputs/stability_5x/20260529_145642/seed_44/20260529_145737/runs/ai/run_20260529_145739,outputs/stability_5x/20260529_145642/seed_44/20260529_145737/splits/ai,427,298,64,65,validation,heuristic,1.0,1.0,1.0
20260529_145739,outputs/stability_5x/20260529_145642/seed_44/20260529_145737/runs/ai/run_20260529_145739,outputs/stability_5x/20260529_145642/seed_44/20260529_145737/splits/ai,427,298,64,65,validation,selected_non_heuristic,0.5,0.49760596509822513,0.4824491674336876
20260529_145739,outputs/stability_5x/20260529_145642/seed_44/20260529_145737/runs/ai/run_20260529_145739,outputs/stability_5x/20260529_145642/seed_44/20260529_145737/splits/ai,427,298,64,65,validation,tfidf_linear_svc_c0.25,0.40625,0.4047754714421381,0.37965506715506714
20260529_145739,outputs/stability_5x/20260529_145642/seed_44/20260529_145737/runs/ai/run_20260529_145739,outputs/stability_5x/20260529_145642/seed_44/20260529_145737/splits/ai,427,298,64,65,validation,tfidf_linear_svc_c1.0,0.46875,0.47026657552973344,0.4498462064251538
20260529_145739,outputs/stability_5x/20260529_145642/seed_44/20260529_145737/runs/ai/run_20260529_145739,outputs/stability_5x/20260529_145642/seed_44/20260529_145737/splits/ai,427,298,64,65,validation,tfidf_linear_svc_c4.0,0.5,0.49760596509822513,0.4824491674336876
20260529_145739,outputs/stability_5x/20260529_145642/seed_44/20260529_145737/runs/ai/run_20260529_145739,outputs/stability_5x/20260529_145642/seed_44/20260529_145737/splits/ai,427,298,64,65,validation,tfidf_logreg_c0.25,0.421875,0.42063492063492064,0.3921130952380953
20260529_145739,outputs/stability_5x/20260529_145642/seed_44/20260529_145737/runs/ai/run_20260529_145739,outputs/stability_5x/20260529_145642/seed_44/20260529_145737/splits/ai,427,298,64,65,validation,tfidf_logreg_c1.0,0.453125,0.45681511470985153,0.44009362348178127
20260529_145739,outputs/stability_5x/20260529_145642/seed_44/20260529_145737/runs/ai/run_20260529_145739,outputs/stability_5x/20260529_145642/seed_44/20260529_145737/splits/ai,427,298,64,65,validation,tfidf_logreg_c4.0,0.40625,0.4047716988893459,0.37859934183463595
20260529_145744,outputs/stability_5x/20260529_145642/seed_44/20260529_145737/runs/manual/run_20260529_145744,outputs/stability_5x/20260529_145642/seed_44/20260529_145737/splits/manual,427,298,64,65,test,heuristic,0.4461538461538462,0.40682302771855006,0.5510644579301295
20260529_145744,outputs/stability_5x/20260529_145642/seed_44/20260529_145737/runs/manual/run_20260529_145744,outputs/stability_5x/20260529_145642/seed_44/20260529_145737/splits/manual,427,298,64,65,test,tfidf_linear_svc_c0.25,0.7538461538461538,0.5911949685534591,0.7062409288824384
20260529_145744,outputs/stability_5x/20260529_145642/seed_44/20260529_145737/runs/manual/run_20260529_145744,outputs/stability_5x/20260529_145642/seed_44/20260529_145737/splits/manual,427,298,64,65,validation,heuristic,0.5,0.3776860378956283,0.5619641155922516
20260529_145744,outputs/stability_5x/20260529_145642/seed_44/20260529_145737/runs/manual/run_20260529_145744,outputs/stability_5x/20260529_145642/seed_44/20260529_145737/splits/manual,427,298,64,65,validation,selected_non_heuristic,0.65625,0.5594493116395495,0.5917162077596996
20260529_145744,outputs/stability_5x/20260529_145642/seed_44/20260529_145737/runs/manual/run_20260529_145744,outputs/stability_5x/20260529_145642/seed_44/20260529_145737/splits/manual,427,298,64,65,validation,tfidf_linear_svc_c0.25,0.65625,0.5594493116395495,0.5917162077596996
20260529_145744,outputs/stability_5x/20260529_145642/seed_44/20260529_145737/runs/manual/run_20260529_145744,outputs/stability_5x/20260529_145642/seed_44/20260529_145737/splits/manual,427,298,64,65,validation,tfidf_linear_svc_c1.0,0.640625,0.5477726574500767,0.5797907066052227
20260529_145744,outputs/stability_5x/20260529_145642/seed_44/20260529_145737/runs/manual/run_20260529_145744,outputs/stability_5x/20260529_145642/seed_44/20260529_145737/splits/manual,427,298,64,65,validation,tfidf_linear_svc_c4.0,0.640625,0.5477726574500767,0.5797907066052227
20260529_145744,outputs/stability_5x/20260529_145642/seed_44/20260529_145737/runs/manual/run_20260529_145744,outputs/stability_5x/20260529_145642/seed_44/20260529_145737/splits/manual,427,298,64,65,validation,tfidf_logreg_c0.25,0.640625,0.4266666666666667,0.6525000000000001
20260529_145744,outputs/stability_5x/20260529_145642/seed_44/20260529_145737/runs/manual/run_20260529_145744,outputs/stability_5x/20260529_145642/seed_44/20260529_145737/splits/manual,427,298,64,65,validation,tfidf_logreg_c1.0,0.640625,0.4105691056910569,0.6339557926829269
20260529_145744,outputs/stability_5x/20260529_145642/seed_44/20260529_145737/runs/manual/run_20260529_145744,outputs/stability_5x/20260529_145642/seed_44/20260529_145737/splits/manual,427,298,64,65,validation,tfidf_logreg_c4.0,0.6875,0.4272030651340996,0.662805316091954
20260529_145749,outputs/stability_5x/20260529_145642/seed_45/20260529_145748/runs/ai/run_20260529_145749,outputs/stability_5x/20260529_145642/seed_45/20260529_145748/splits/ai,427,298,64,65,test,heuristic,1.0,1.0,1.0
20260529_145749,outputs/stability_5x/20260529_145642/seed_45/20260529_145748/runs/ai/run_20260529_145749,outputs/stability_5x/20260529_145642/seed_45/20260529_145748/splits/ai,427,298,64,65,test,tfidf_logreg_c4.0,0.5846153846153846,0.5378352490421457,0.5662024756852343
20260529_145749,outputs/stability_5x/20260529_145642/seed_45/20260529_145748/runs/ai/run_20260529_145749,outputs/stability_5x/20260529_145642/seed_45/20260529_145748/splits/ai,427,298,64,65,validation,heuristic,1.0,1.0,1.0
20260529_145749,outputs/stability_5x/20260529_145642/seed_45/20260529_145748/runs/ai/run_20260529_145749,outputs/stability_5x/20260529_145642/seed_45/20260529_145748/splits/ai,427,298,64,65,validation,selected_non_heuristic,0.4375,0.41918626353116833,0.42879805897723033
20260529_145749,outputs/stability_5x/20260529_145642/seed_45/20260529_145748/runs/ai/run_20260529_145749,outputs/stability_5x/20260529_145642/seed_45/20260529_145748/splits/ai,427,298,64,65,validation,tfidf_linear_svc_c0.25,0.375,0.3654315136794921,0.3623967003347057
20260529_145749,outputs/stability_5x/20260529_145642/seed_45/20260529_145748/runs/ai/run_20260529_145749,outputs/stability_5x/20260529_145642/seed_45/20260529_145748/splits/ai,427,298,64,65,validation,tfidf_linear_svc_c1.0,0.390625,0.3788888888888889,0.3846875
20260529_145749,outputs/stability_5x/20260529_145642/seed_45/20260529_145748/runs/ai/run_20260529_145749,outputs/stability_5x/20260529_145642/seed_45/20260529_145748/splits/ai,427,298,64,65,validation,tfidf_linear_svc_c4.0,0.390625,0.3777414075286416,0.38410392798690673
20260529_145749,outputs/stability_5x/20260529_145642/seed_45/20260529_145748/runs/ai/run_20260529_145749,outputs/stability_5x/20260529_145642/seed_45/20260529_145748/splits/ai,427,298,64,65,validation,tfidf_logreg_c0.25,0.328125,0.31013584117032394,0.2871473354231975
20260529_145749,outputs/stability_5x/20260529_145642/seed_45/20260529_145748/runs/ai/run_20260529_145749,outputs/stability_5x/20260529_145642/seed_45/20260529_145748/splits/ai,427,298,64,65,validation,tfidf_logreg_c1.0,0.375,0.3630769230769231,0.35673076923076924
20260529_145749,outputs/stability_5x/20260529_145642/seed_45/20260529_145748/runs/ai/run_20260529_145749,outputs/stability_5x/20260529_145642/seed_45/20260529_145748/splits/ai,427,298,64,65,validation,tfidf_logreg_c4.0,0.4375,0.41918626353116833,0.42879805897723033
20260529_145755,outputs/stability_5x/20260529_145642/seed_45/20260529_145748/runs/manual/run_20260529_145755,outputs/stability_5x/20260529_145642/seed_45/20260529_145748/splits/manual,427,298,64,65,test,heuristic,0.46153846153846156,0.4053255118472509,0.5129457981631894
20260529_145755,outputs/stability_5x/20260529_145642/seed_45/20260529_145748/runs/manual/run_20260529_145755,outputs/stability_5x/20260529_145642/seed_45/20260529_145748/splits/manual,427,298,64,65,test,tfidf_logreg_c1.0,0.7846153846153846,0.48571428571428577,0.7556043956043956
20260529_145755,outputs/stability_5x/20260529_145642/seed_45/20260529_145748/runs/manual/run_20260529_145755,outputs/stability_5x/20260529_145642/seed_45/20260529_145748/splits/manual,427,298,64,65,validation,heuristic,0.515625,0.4079970381340244,0.59939605701592
20260529_145755,outputs/stability_5x/20260529_145642/seed_45/20260529_145748/runs/manual/run_20260529_145755,outputs/stability_5x/20260529_145642/seed_45/20260529_145748/splits/manual,427,298,64,65,validation,selected_non_heuristic,0.703125,0.6121212121212121,0.6767045454545454
20260529_145755,outputs/stability_5x/20260529_145642/seed_45/20260529_145748/runs/manual/run_20260529_145755,outputs/stability_5x/20260529_145642/seed_45/20260529_145748/splits/manual,427,298,64,65,validation,tfidf_linear_svc_c0.25,0.671875,0.4780582524271844,0.5873907766990291
20260529_145755,outputs/stability_5x/20260529_145642/seed_45/20260529_145748/runs/manual/run_20260529_145755,outputs/stability_5x/20260529_145642/seed_45/20260529_145748/splits/manual,427,298,64,65,validation,tfidf_linear_svc_c1.0,0.65625,0.49714285714285716,0.594375
20260529_145755,outputs/stability_5x/20260529_145642/seed_45/20260529_145748/runs/manual/run_20260529_145755,outputs/stability_5x/20260529_145642/seed_45/20260529_145748/splits/manual,427,298,64,65,validation,tfidf_linear_svc_c4.0,0.640625,0.4602126879354602,0.5674848734873488
20260529_145755,outputs/stability_5x/20260529_145642/seed_45/20260529_145748/runs/manual/run_20260529_145755,outputs/stability_5x/20260529_145642/seed_45/20260529_145748/splits/manual,427,298,64,65,validation,tfidf_logreg_c0.25,0.6875,0.5994993742177722,0.6640331664580728
20260529_145755,outputs/stability_5x/20260529_145642/seed_45/20260529_145748/runs/manual/run_20260529_145755,outputs/stability_5x/20260529_145642/seed_45/20260529_145748/splits/manual,427,298,64,65,validation,tfidf_logreg_c1.0,0.703125,0.6121212121212121,0.6767045454545454
20260529_145755,outputs/stability_5x/20260529_145642/seed_45/20260529_145748/runs/manual/run_20260529_145755,outputs/stability_5x/20260529_145642/seed_45/20260529_145748/splits/manual,427,298,64,65,validation,tfidf_logreg_c4.0,0.6875,0.5833333333333333,0.6549479166666666
20260529_151812,outputs/dual_dataset_compare/20260529_151809/runs/ai/run_20260529_151812,outputs/dual_dataset_compare/20260529_151809/splits/ai,427,298,64,65,test,heuristic,1.0,1.0,1.0
20260529_151812,outputs/dual_dataset_compare/20260529_151809/runs/ai/run_20260529_151812,outputs/dual_dataset_compare/20260529_151809/splits/ai,427,298,64,65,test,tfidf_linear_svc_c4.0,0.49230769230769234,0.49383864217623813,0.4852395686155277
20260529_151812,outputs/dual_dataset_compare/20260529_151809/runs/ai/run_20260529_151812,outputs/dual_dataset_compare/20260529_151809/splits/ai,427,298,64,65,validation,heuristic,1.0,1.0,1.0
20260529_151812,outputs/dual_dataset_compare/20260529_151809/runs/ai/run_20260529_151812,outputs/dual_dataset_compare/20260529_151809/splits/ai,427,298,64,65,validation,selected_non_heuristic,0.484375,0.48717948717948717,0.48377403846153844
20260529_151812,outputs/dual_dataset_compare/20260529_151809/runs/ai/run_20260529_151812,outputs/dual_dataset_compare/20260529_151809/splits/ai,427,298,64,65,validation,tfidf_linear_svc_c0.25,0.40625,0.4095622895622896,0.4031376262626263
20260529_151812,outputs/dual_dataset_compare/20260529_151809/runs/ai/run_20260529_151812,outputs/dual_dataset_compare/20260529_151809/splits/ai,427,298,64,65,validation,tfidf_linear_svc_c1.0,0.421875,0.423648247177659,0.41970254010695185
20260529_151812,outputs/dual_dataset_compare/20260529_151809/runs/ai/run_20260529_151812,outputs/dual_dataset_compare/20260529_151809/splits/ai,427,298,64,65,validation,tfidf_linear_svc_c4.0,0.484375,0.48717948717948717,0.48377403846153844
20260529_151812,outputs/dual_dataset_compare/20260529_151809/runs/ai/run_20260529_151812,outputs/dual_dataset_compare/20260529_151809/splits/ai,427,298,64,65,validation,tfidf_logreg_c0.25,0.453125,0.4498905565978737,0.4223574792839275
20260529_151812,outputs/dual_dataset_compare/20260529_151809/runs/ai/run_20260529_151812,outputs/dual_dataset_compare/20260529_151809/splits/ai,427,298,64,65,validation,tfidf_logreg_c1.0,0.390625,0.3940636288462376,0.3768148583365975
20260529_151812,outputs/dual_dataset_compare/20260529_151809/runs/ai/run_20260529_151812,outputs/dual_dataset_compare/20260529_151809/splits/ai,427,298,64,65,validation,tfidf_logreg_c4.0,0.421875,0.423648247177659,0.41970254010695185
20260529_151817,outputs/dual_dataset_compare/20260529_151809/runs/manual/run_20260529_151817,outputs/dual_dataset_compare/20260529_151809/splits/manual,427,298,64,65,test,heuristic,0.5076923076923077,0.44379156847342244,0.5992850323282375
20260529_151817,outputs/dual_dataset_compare/20260529_151809/runs/manual/run_20260529_151817,outputs/dual_dataset_compare/20260529_151809/splits/manual,427,298,64,65,test,tfidf_logreg_c0.25,0.7692307692307693,0.4938202247191012,0.7572515125324114
20260529_151817,outputs/dual_dataset_compare/20260529_151809/runs/manual/run_20260529_151817,outputs/dual_dataset_compare/20260529_151809/splits/manual,427,298,64,65,validation,heuristic,0.515625,0.4425606913411791,0.5785343467508102
20260529_151817,outputs/dual_dataset_compare/20260529_151809/runs/manual/run_20260529_151817,outputs/dual_dataset_compare/20260529_151809/splits/manual,427,298,64,65,validation,selected_non_heuristic,0.65625,0.42489353464963225,0.6310794134727062
20260529_151817,outputs/dual_dataset_compare/20260529_151809/runs/manual/run_20260529_151817,outputs/dual_dataset_compare/20260529_151809/splits/manual,427,298,64,65,validation,tfidf_linear_svc_c0.25,0.6875,0.4018199233716475,0.6187589798850575
20260529_151817,outputs/dual_dataset_compare/20260529_151809/runs/manual/run_20260529_151817,outputs/dual_dataset_compare/20260529_151809/splits/manual,427,298,64,65,validation,tfidf_linear_svc_c1.0,0.65625,0.3950373298199385,0.6042284255599473
20260529_151817,outputs/dual_dataset_compare/20260529_151809/runs/manual/run_20260529_151817,outputs/dual_dataset_compare/20260529_151809/splits/manual,427,298,64,65,validation,tfidf_linear_svc_c4.0,0.625,0.36758893280632415,0.5695405138339922
20260529_151817,outputs/dual_dataset_compare/20260529_151809/runs/manual/run_20260529_151817,outputs/dual_dataset_compare/20260529_151809/splits/manual,427,298,64,65,validation,tfidf_logreg_c0.25,0.65625,0.42489353464963225,0.6310794134727062
20260529_151817,outputs/dual_dataset_compare/20260529_151809/runs/manual/run_20260529_151817,outputs/dual_dataset_compare/20260529_151809/splits/manual,427,298,64,65,validation,tfidf_logreg_c1.0,0.671875,0.4213483146067416,0.6333391853932584
20260529_151817,outputs/dual_dataset_compare/20260529_151809/runs/manual/run_20260529_151817,outputs/dual_dataset_compare/20260529_151809/splits/manual,427,298,64,65,validation,tfidf_logreg_c4.0,0.671875,0.4213483146067416,0.6333391853932584
